{"reg": 4.305991038145124, "alpha": 6.392811511567611, "num_factors": 276, "confidence_scaling": "linear"}