{"base_f_algorithm": "p3alpha", "base_b_algorithm": "p3alpha", "convex_lambda": 0.5052067838948406, "f_p3a_alpha": 0.21326636631458998, "f_p3a_topK": 11, "b_p3a_alpha": 1.1241133447572721e-05, "b_p3a_topK": 113}