{"l1_ratio": 0.0005956492730940209, "alpha": 0.00045178311549841485, "topK": 501, "positive_only": true}
