{"num_factors": 1997, "scaling_items": 0.028747011088327588, "scaling_users": 0.021283719453264342}