{"alpha": 0.17470402099369534, "beta": 0.1972655782662055, "topK": 11}