{"alpha": 0.34694478960599695, "beta": 0.26758246154207566, "topK": 65}