{"lambda_i": 7.36253367902614e-05, "lambda_j": 4.515503709325282e-05, "learning_rate": 0.07081828658194086, "topK": 375, "sgd_mode": "sgd", "symmetric": true}