{"p_dims": [489], "learning_rate": 0.00014646484212798178, "batch_size": 256, "dropout": 0.3951731387363409, "l2_reg": 2.47468851252793e-05, "anneal_cap": 0.00010257133878032685, "total_anneal_steps": 9375890}