{"l1_ratio": 0.05471811614375622, "alpha": 0.0013488078878500294, "topK": 605, "positive_only": false}